client,num_var,AUC
client02,1.0,0.6160783579257649
client02,2.0,0.7118676537914453
client02,3.0,0.8031632305812824
client02,4.0,0.813129347131536
client02,5.0,0.8088565804646243
client02,6.0,0.8165054509754958
client02,7.0,0.8169883635811673
client02,8.0,0.8185289098783477
