client,num_var,AUC
client01,1.0,0.5635451505016722
client01,2.0,0.7732441471571907
client01,3.0,0.8109253065774805
client01,4.0,0.8037346711259755
client01,5.0,0.778149386845039
client01,6.0,0.779041248606466
client01,7.0,0.7802118171683389
client01,8.0,0.7712931995540692
