,var,AUC
0,BPSYSTOLIC,0.5898117542137186
1,PULSE,0.7425559004743181
2,AGE,0.8070442685793815
3,BPDIASTOLIC,0.8084320091287558
4,RESPIRATION,0.7935029836548316
5,SAO2,0.7977733497909809
6,GENDER_M,0.7986000903747531
7,Renal_1,0.7949110547162084
